id,count
02,10
32,750
28,235
56,31
12,2693
21,370
44,156
42,2184
24,2670
10,75
30,58
20,279
49,212
54,196
34,722
38,258
26,1164
51,726
22,996
13,1688
55,463
45,464
29,581
35,223
16,80
05,197
25,1153
08,1248
27,619
04,937
11,471
18,726
33,191
23,81
50,43
37,1238
19,324
09,351
47,987
46,38
48,6089
17,2101
41,797
01,539
40,424
39,2398
31,176
15,17
53,1202
06,7450
36,3212
