id,count
38,258
49,212
28,235
19,324
05,197
30,58
51,726
10,75
48,6089
25,1153
04,937
45,464
31,176
54,196
56,31
55,463
53,1202
09,351
02,10
06,7450
40,424
34,722
24,2670
32,750
44,156
39,2398
27,619
13,1688
23,81
46,38
37,1238
20,279
18,726
41,797
21,370
33,191
17,2101
16,80
42,2184
08,1248
12,2693
50,43
22,996
15,17
47,987
36,3212
01,539
11,471
26,1164
35,223
29,581
